ID,Name,Email,Phone,"Profile Pic",Resume,"Created At"
2,Shivasnh,shi@gmail.com,6386369558,profile_pics/SAy4Vjt3WmCFWZBhAlfJVz9EYxwwawJLLE7drQIF.png,resumes/J0BBZBJTnxiox0giNlwSHL2Y1OTFGrtci1j7LjNo.pdf,"2025-10-29 04:48:02"
3,Rahul,sm@gmail.com,fvgbhnj,profile_pics/cxNjX6xMq9UpCPzOKDKz72aUJ5TrG04GbKNtxghA.jpg,resumes/7ejyj6tgkZlfBRtYOIe9Anxe0HhmcGrYnxNYiwHa.pdf,"2025-10-29 04:48:47"
4,user3,us3@gmail.com,6386369558,profile_pics/VQOJ01pOMpy2zjtR70vdlJGuBs7DmnHxQHjvq6vQ.png,resumes/EYmV5gWbd4NLhQTDVODYJJ8zhMuews6Li95hSCzc.pdf,"2025-10-29 06:03:34"
5,gbn,cvbnm@gmial.com,6386369958,profile_pics/OCIhsVLwv0BvaP0y6gk6uCjj0DuosUrOpxIXCgcn.jpg,resumes/yTjsCFTWynrF2E6lSOd3gQ5E0jhsuu8MtK2QAyG7.pdf,"2025-10-29 06:06:16"
6,fghjmk,dfvgbhnjm@gmail.com,6386369558,profile_pics/ELXdtwCWwKKx2bz1yKJw4nxGziBuF5GyFfsNVG0n.png,resumes/l6bBOSdrFj4nNeLP1cbKv6qcIClPocMh2hgKA5wa.pdf,"2025-10-29 06:06:50"
7,"dfghnjmk,l.;",dcfvgbhnjm@gmail.com,898989563,profile_pics/Bcx1HtdywLZXrFpQNHlWE5kYOsQZrnVsax0E6c23.png,resumes/465oS6cx6OG2bIFYO2KX3cHL9NmD8IxMhDX1NPKX.pdf,"2025-10-29 06:08:06"
8,"ssdcfvgbhnjmk,",xdcfvgbnm@gmai,5595488866,profile_pics/UZDpuNJxHlMcbBabXB2jyiZwjC5vIshqa0R76fev.bmp,resumes/bf2UQ5GF0d33RT0GxGzFMp54OhV8tv4MWAsN6SeM.pdf,"2025-10-29 06:08:32"
9,"dfvgbhnm,",sxcdvfbn@gmail.com,5656565666,profile_pics/M95iLvylhx86D3gpoKl5EsDfefnPNIfmYDx72fsn.jpg,resumes/pTYyYCusRHCTk3RGRA9D90xGrM7WHdApWfQPLyw4.pdf,"2025-10-29 06:09:17"
10,"dcvbnm,",cvbnm@gmail.com,5455151111,profile_pics/9Nddz5p3VGtfBNEGuOnIQzw0vWhV799iqf3rAzrF.jpg,resumes/KLM7O92o8rGoAFFm27NKlS1jxtDYOLr13GRmWC7c.pdf,"2025-10-29 06:10:12"
12,hhh,ss@gmail.com,q,profile_pics/VWdQGrLZQzzf4wS771Tp1UyF8aEmzvtXiYS4YOTs.png,resumes/zNc3gGlyfcSD4tFw4apAozfskGMVBK8aURGMGr4t.pdf,"2025-10-29 07:22:42"
13,ww,ww@gmail.com,6386369588,profile_pics/TE4FwFEGNpFh0sqFQsX5m1sj11fBKpb4tKjUBSWK.png,resumes/mjqCN79i4f6WlhQ8nzFl2qGtM4C7EpzMQoKspeKX.pdf,"2025-10-29 07:45:36"
14,ddddd,dddd@gmaail.com,6386369558,profile_pics/wv7snCrf0TuDy6oRCaSICERCP0a7Eoj3oLdKBoO8.png,resumes/54qFzz2Y1xgayDkz6wdtc0O2Ygo1r4YnrdjE7Kqg.pdf,"2025-10-29 07:53:22"
15,"Suyogya Mishra",suyogyamfghishr@gmail.com,6386369558,profile_pics/g9tF0ivpNn3n0iomVeP9dlWB18FB2UBo4iSZjJKx.jpg,resumes/mFjj7VIpmzCGcgRsVmaDSrUOUe4NAgEpgSSMWWiv.pdf,"2025-10-29 08:55:23"
